,CityID,City,Humidity,Temp,Latitude,Cloudiness,WindSpeed,MaxTemp,Longitude,LatLong,CountryCode
0,4032243,Vaini,78,82.4,-21.2,40,13.87,82.4,-175.2,"{'lon': -175.2, 'lat': -21.2}",TO
1,3395458,Maragogi,81,81.7,-9.01,100,15.08,81.7,-35.22,"{'lon': -35.22, 'lat': -9.01}",BR
2,3833367,Ushuaia,81,48.2,-54.8,75,6.93,48.2,-68.3,"{'lon': -68.3, 'lat': -54.8}",AR
3,5563839,Fortuna,71,55.06,40.6,90,6.93,57.2,-124.16,"{'lon': -124.16, 'lat': 40.6}",US
4,5660340,Kalispell,80,32.11,48.2,90,3.15,34.0,-114.31,"{'lon': -114.31, 'lat': 48.2}",US
5,3471451,Arraial do Cabo,90,75.45,-22.97,100,3.09,75.45,-42.03,"{'lon': -42.03, 'lat': -22.97}",BR
6,745026,Nicaea,92,31.01,40.43,65,1.28,44.6,29.72,"{'lon': 29.72, 'lat': 40.43}",TR
7,3893726,Constitucion,94,56.61,-35.33,59,5.23,56.61,-72.42,"{'lon': -72.42, 'lat': -35.33}",CL
8,2013279,Vostok,76,12.85,46.49,87,2.04,12.85,135.88,"{'lon': 135.88, 'lat': 46.49}",RU
9,2206939,Bluff,74,64.0,-46.6,56,14.0,64.0,168.33,"{'lon': 168.33, 'lat': -46.6}",NZ
10,5972291,Havre-Saint-Pierre,85,19.4,50.23,90,9.17,19.4,-63.6,"{'lon': -63.6, 'lat': 50.23}",CA
11,964420,Port Elizabeth,88,62.6,-33.92,20,5.82,62.6,25.57,"{'lon': 25.57, 'lat': -33.92}",ZA
12,5870133,Nome,84,6.8,64.5,90,13.87,6.8,-165.41,"{'lon': -165.41, 'lat': 64.5}",US
13,3652764,Puerto Ayora,44,75.0,-0.74,27,1.99,75.0,-90.35,"{'lon': -90.35, 'lat': -0.74}",EC
14,2017155,Saskylakh,92,-39.14,71.92,0,9.33,-39.14,114.08,"{'lon': 114.08, 'lat': 71.92}",RU
15,6201424,Mataura,74,64.0,-46.19,43,14.0,64.0,168.86,"{'lon': 168.86, 'lat': -46.19}",NZ
16,159267,Ikungi,97,62.42,-5.13,100,0.6,62.42,34.77,"{'lon': 34.77, 'lat': -5.13}",TZ
17,1805757,Jimo,61,48.2,36.39,33,6.71,48.2,120.46,"{'lon': 120.46, 'lat': 36.39}",CN
18,3874787,Punta Arenas,76,48.09,-53.15,75,12.75,48.2,-70.92,"{'lon': -70.92, 'lat': -53.15}",CL
19,3985710,Cabo San Lucas,82,65.64,22.89,75,4.7,69.01,-109.91,"{'lon': -109.91, 'lat': 22.89}",MX
20,2112444,Kamaishi,80,35.6,39.27,75,2.24,35.6,141.88,"{'lon': 141.88, 'lat': 39.27}",JP
21,5848280,Kapaa,73,74.86,22.08,1,8.05,77.0,-159.32,"{'lon': -159.32, 'lat': 22.08}",US
22,3418910,Upernavik,93,0.32,72.79,100,8.79,0.32,-56.15,"{'lon': -56.15, 'lat': 72.79}",GL
23,5122534,Jamestown,58,23.61,42.1,1,8.05,32.0,-79.24,"{'lon': -79.24, 'lat': 42.1}",US
24,2110227,Butaritari,63,84.79,3.07,45,4.16,84.79,172.79,"{'lon': 172.79, 'lat': 3.07}",KI
25,2075265,Busselton,30,78.3,-33.65,100,8.21,81.0,115.33,"{'lon': 115.33, 'lat': -33.65}",AU
26,5106841,Albany,92,17.56,42.6,1,1.57,24.01,-73.97,"{'lon': -73.97, 'lat': 42.6}",US
27,1529376,Korla,58,17.85,41.76,100,2.39,17.85,86.15,"{'lon': 86.15, 'lat': 41.76}",CN
28,102527,Sakakah,73,35.6,29.97,5,4.7,35.6,40.21,"{'lon': 40.21, 'lat': 29.97}",SA
29,1307741,Myitkyina,65,61.21,25.38,0,3.8,61.21,97.4,"{'lon': 97.4, 'lat': 25.38}",MM
30,2108502,Honiara,66,89.6,-9.43,20,11.41,89.6,159.95,"{'lon': 159.95, 'lat': -9.43}",SB
31,3576994,Cockburn Town,74,73.78,21.46,100,20.47,73.78,-71.14,"{'lon': -71.14, 'lat': 21.46}",TC
32,3466165,Cidreira,81,71.49,-30.18,94,12.15,71.49,-50.21,"{'lon': -50.21, 'lat': -30.18}",BR
33,110690,Faya,87,52.66,18.39,75,9.17,53.6,42.45,"{'lon': 42.45, 'lat': 18.39}",SA
34,933995,Souillac,94,79.34,-20.52,75,3.36,80.01,57.52,"{'lon': 57.52, 'lat': -20.52}",MU
35,3366880,Hermanus,85,65.95,-34.42,6,10.0,68.0,19.23,"{'lon': 19.23, 'lat': -34.42}",ZA
36,4946620,Palmer,85,20.61,42.16,20,3.36,27.0,-72.33,"{'lon': -72.33, 'lat': 42.16}",US
37,2123814,Leningradskiy,91,-20.16,69.38,51,4.83,-20.16,178.42,"{'lon': 178.42, 'lat': 69.38}",RU
38,1701054,Marawi,82,81.0,8.0,100,5.01,81.0,124.29,"{'lon': 124.29, 'lat': 8}",PH
39,1735106,George Town,62,87.37,5.41,20,2.24,87.8,100.34,"{'lon': 100.34, 'lat': 5.41}",MY
40,1006984,East London,93,64.4,-33.02,40,6.93,64.4,27.91,"{'lon': 27.91, 'lat': -33.02}",ZA
41,2347758,Bara,22,61.16,10.37,0,9.17,61.16,10.73,"{'lon': 10.73, 'lat': 10.37}",NG
42,3430863,Mar del Plata,94,68.32,-38.0,0,3.36,69.01,-57.56,"{'lon': -57.56, 'lat': -38}",AR
43,2074865,Carnarvon,54,82.4,-24.87,0,17.22,82.4,113.63,"{'lon': 113.63, 'lat': -24.87}",AU
44,4030556,Rikitea,75,79.61,-23.12,12,12.46,79.61,-134.97,"{'lon': -134.97, 'lat': -23.12}",PF
45,1490256,Talnakh,84,-2.2,69.49,75,24.61,-2.2,88.4,"{'lon': 88.4, 'lat': 69.49}",RU
46,3393536,Olinda,78,82.4,-8.01,75,5.82,82.4,-34.86,"{'lon': -34.86, 'lat': -8.01}",BR
47,1495626,Pangody,92,4.51,65.85,100,17.43,4.51,74.49,"{'lon': 74.49, 'lat': 65.85}",RU
48,3899695,Ancud,77,59.0,-41.87,0,11.41,59.0,-73.82,"{'lon': -73.82, 'lat': -41.87}",CL
49,5019116,Brainerd,92,31.21,46.36,90,0.4,33.8,-94.2,"{'lon': -94.2, 'lat': 46.36}",US
50,2521582,Arona,47,55.8,28.1,20,9.17,60.01,-16.68,"{'lon': -16.68, 'lat': 28.1}",ES
51,3598825,Chahal Guatemala,91,60.21,15.75,0,1.28,60.21,-89.57,"{'lon': -89.57, 'lat': 15.75}",GT
52,2659700,Meiringen,92,28.08,46.73,0,3.15,35.01,8.18,"{'lon': 8.18, 'lat': 46.73}",CH
53,3386264,Toritama,90,73.06,-8.01,100,4.12,73.06,-36.06,"{'lon': -36.06, 'lat': -8.01}",BR
54,2156643,Mount Gambier,51,62.6,-37.83,75,24.16,62.6,140.77,"{'lon': 140.77, 'lat': -37.83}",AU
55,2155415,New Norfolk,72,62.29,-42.78,75,9.17,66.0,147.06,"{'lon': 147.06, 'lat': -42.78}",AU
56,3353540,Rehoboth,39,64.18,-23.32,0,2.08,64.18,17.08,"{'lon': 17.08, 'lat': -23.32}",NA
57,4021858,Guerrero Negro,84,60.33,27.98,0,11.7,60.33,-114.06,"{'lon': -114.06, 'lat': 27.98}",MX
58,3831208,Qaanaaq,51,-7.71,77.48,39,6.38,-7.71,-69.36,"{'lon': -69.36, 'lat': 77.48}",GL
59,3840300,Presidencia Roque Saenz Pena,86,71.67,-26.79,0,6.02,71.67,-60.44,"{'lon': -60.44, 'lat': -26.79}",AR
60,3014334,Gueugnon,92,28.13,46.6,21,3.36,28.99,4.06,"{'lon': 4.06, 'lat': 46.6}",FR
61,986717,Kruisfontein,93,58.1,-34.0,33,5.37,58.1,24.73,"{'lon': 24.73, 'lat': -34}",ZA
62,2027042,Batagay-Alyta,98,-28.88,67.8,100,1.79,-28.88,130.41,"{'lon': 130.41, 'lat': 67.8}",RU
63,6185377,Yellowknife,84,6.44,62.46,90,4.7,6.8,-114.35,"{'lon': -114.35, 'lat': 62.46}",CA
64,2077895,Alice Springs,17,100.4,-23.7,36,10.29,100.4,133.88,"{'lon': 133.88, 'lat': -23.7}",AU
65,2028164,Deputatsky,91,-25.67,69.3,86,3.74,-25.67,139.9,"{'lon': 139.9, 'lat': 69.3}",RU
66,1688696,San Policarpo,71,81.39,12.18,67,11.65,81.39,125.51,"{'lon': 125.51, 'lat': 12.18}",PH
67,546105,Nikolskoye,53,25.74,59.7,5,24.61,26.6,30.79,"{'lon': 30.79, 'lat': 59.7}",RU
68,1337612,Dhidhdhoo,77,81.97,6.88,67,12.97,81.97,73.1,"{'lon': 73.1, 'lat': 6.88}",MV
69,191675,Kipini,85,78.6,-2.53,100,7.92,78.6,40.53,"{'lon': 40.53, 'lat': -2.53}",KE
70,3457161,Mimoso do Sul,99,66.92,-21.06,100,1.45,66.92,-41.37,"{'lon': -41.37, 'lat': -21.06}",BR
71,1529484,Kumul,79,10.74,42.8,58,3.04,10.74,93.45,"{'lon': 93.45, 'lat': 42.8}",CN
72,5975004,High Level,92,14.0,58.52,90,3.36,14.0,-117.14,"{'lon': -117.14, 'lat': 58.52}",CA
73,2012530,Zhigansk,89,-26.82,66.77,100,6.38,-26.82,123.37,"{'lon': 123.37, 'lat': 66.77}",RU
74,1106677,Bambous Virieux,94,79.38,-20.34,75,3.36,80.01,57.76,"{'lon': 57.76, 'lat': -20.34}",MU
75,2092164,Lorengau,77,83.1,-2.02,0,13.67,83.1,147.27,"{'lon': 147.27, 'lat': -2.02}",PG
76,5847411,Kahului,53,74.07,20.89,20,10.29,78.8,-156.47,"{'lon': -156.47, 'lat': 20.89}",US
77,2537881,Safi,80,52.2,32.3,100,6.71,52.2,-9.24,"{'lon': -9.24, 'lat': 32.3}",MA
78,1651810,Airai,56,82.51,-8.93,95,4.45,82.51,125.41,"{'lon': 125.41, 'lat': -8.93}",TL
79,3883457,Lebu,97,52.72,-37.62,0,2.53,52.72,-73.65,"{'lon': -73.65, 'lat': -37.62}",CL
80,2219235,Ubari,37,49.96,26.59,14,11.05,49.96,12.78,"{'lon': 12.78, 'lat': 26.59}",LY
81,3372707,Ribeira Grande,76,53.1,38.52,1,7.29,53.1,-28.7,"{'lon': -28.7, 'lat': 38.52}",PT
82,6111696,Port-Cartier,79,23.0,50.03,90,9.17,23.0,-66.87,"{'lon': -66.87, 'lat': 50.03}",CA
83,4034551,Faanui,75,82.6,-16.48,33,10.11,82.6,-151.75,"{'lon': -151.75, 'lat': -16.48}",PF
84,777682,Skjervoy,69,33.01,70.03,100,9.04,33.01,20.97,"{'lon': 20.97, 'lat': 70.03}",NO
85,88834,Tukrah,70,52.23,32.53,0,7.85,52.23,20.58,"{'lon': 20.58, 'lat': 32.53}",LY
86,3354071,Oranjemund,87,62.64,-28.55,0,2.24,62.64,16.43,"{'lon': 16.43, 'lat': -28.55}",NA
87,6165406,Thompson,83,-7.6,55.74,40,3.8,-7.6,-97.86,"{'lon': -97.86, 'lat': 55.74}",CA
88,3670447,Saboya,93,57.33,5.7,98,2.84,57.33,-73.77,"{'lon': -73.77, 'lat': 5.7}",CO
89,3336897,La Rioja,100,37.58,42.25,90,2.24,39.2,-2.5,"{'lon': -2.5, 'lat': 42.25}",ES
90,5919850,Chapais,92,28.4,49.78,90,11.41,28.4,-74.85,"{'lon': -74.85, 'lat': 49.78}",CA
91,2126710,Beringovskiy,94,-12.1,63.05,32,6.87,-12.1,179.32,"{'lon': 179.32, 'lat': 63.05}",RU
92,1819729,Hong Kong,65,74.84,22.29,20,6.93,81.0,114.16,"{'lon': 114.16, 'lat': 22.29}",HK
93,2126123,Chokurdakh,97,-20.58,70.63,100,8.84,-20.58,147.92,"{'lon': 147.92, 'lat': 70.63}",RU
94,2022572,Khatanga,87,-33.32,71.97,88,9.62,-33.32,102.5,"{'lon': 102.5, 'lat': 71.97}",RU
95,3146487,Raudeberg,100,44.64,61.99,100,24.16,46.0,5.14,"{'lon': 5.14, 'lat': 61.99}",NO
96,3691954,Sechura,88,71.29,-5.56,71,8.08,71.29,-80.82,"{'lon': -80.82, 'lat': -5.56}",PE
97,6167817,Torbay,85,22.51,47.67,90,10.29,25.0,-52.73,"{'lon': -52.73, 'lat': 47.67}",CA
98,4068590,Huntsville,28,40.44,34.73,1,9.17,44.6,-86.59,"{'lon': -86.59, 'lat': 34.73}",US
99,568954,Chernaya Kholunitsa,95,16.88,58.85,100,6.89,16.88,51.72,"{'lon': 51.72, 'lat': 58.85}",RU
100,3356213,Khorixas,44,68.54,-20.37,34,2.44,68.54,14.97,"{'lon': 14.97, 'lat': -20.37}",NA
101,1015776,Bredasdorp,85,64.0,-34.53,36,10.0,64.0,20.04,"{'lon': 20.04, 'lat': -34.53}",ZA
102,964432,Port Alfred,96,62.01,-33.59,92,1.99,62.01,26.89,"{'lon': 26.89, 'lat': -33.59}",ZA
103,5924351,Clyde River,75,-14.8,70.47,1,12.75,-14.8,-68.59,"{'lon': -68.59, 'lat': 70.47}",CA
104,5855927,Hilo,57,69.31,19.73,90,9.17,77.0,-155.09,"{'lon': -155.09, 'lat': 19.73}",US
105,1637001,Biak,72,83.48,-0.91,96,8.05,83.48,122.88,"{'lon': 122.88, 'lat': -0.91}",ID
106,1507390,Dikson,95,-13.23,73.51,100,14.88,-13.23,80.55,"{'lon': 80.55, 'lat': 73.51}",RU
107,3422683,Kangaatsiaq,90,12.34,68.31,100,7.63,12.34,-53.46,"{'lon': -53.46, 'lat': 68.31}",GL
108,1244926,Hambantota,94,82.4,6.12,40,12.75,82.4,81.12,"{'lon': 81.12, 'lat': 6.12}",LK
109,1028434,Quelimane,94,73.4,-17.88,20,2.24,73.4,36.89,"{'lon': 36.89, 'lat': -17.88}",MZ
110,2454268,Koutiala,21,77.09,12.39,86,8.88,77.09,-5.46,"{'lon': -5.46, 'lat': 12.39}",ML
111,2112309,Katsuura,81,44.35,35.13,75,4.7,46.0,140.3,"{'lon': 140.3, 'lat': 35.13}",JP
112,3369157,Cape Town,63,64.36,-33.93,0,8.05,64.99,18.42,"{'lon': 18.42, 'lat': -33.93}",ZA
113,390054,Baft,91,37.49,29.23,99,7.25,37.49,56.61,"{'lon': 56.61, 'lat': 29.23}",IR
114,5117949,Freeport,63,26.53,40.66,1,1.81,32.0,-73.58,"{'lon': -73.58, 'lat': 40.66}",US
115,120972,Pishva,95,33.53,35.31,75,13.87,33.8,51.73,"{'lon': 51.73, 'lat': 35.31}",IR
116,2654728,Bridlington,100,41.07,54.08,28,6.93,43.0,-0.19,"{'lon': -0.19, 'lat': 54.08}",GB
117,2654970,Brae,87,48.2,60.4,100,31.09,48.2,-1.35,"{'lon': -1.35, 'lat': 60.4}",GB
118,935215,Saint-Philippe,94,76.37,-21.36,90,4.7,80.6,55.77,"{'lon': 55.77, 'lat': -21.36}",RE
119,3445679,Uruguaiana,78,73.4,-29.75,0,11.41,73.4,-57.09,"{'lon': -57.09, 'lat': -29.75}",BR
120,2171099,Codrington,66,59.27,-38.27,32,37.56,59.27,141.97,"{'lon': 141.97, 'lat': -38.27}",AU
121,5880054,Barrow,83,-7.6,71.29,1,8.05,-7.6,-156.79,"{'lon': -156.79, 'lat': 71.29}",US
122,3421719,Narsaq,66,15.8,60.92,62,2.24,15.8,-46.05,"{'lon': -46.05, 'lat': 60.92}",GL
123,2136825,Isangel,83,80.6,-19.55,90,14.58,80.6,169.27,"{'lon': 169.27, 'lat': -19.55}",VU
124,4497868,Waynesville,31,30.31,35.49,1,6.93,34.0,-82.99,"{'lon': -82.99, 'lat': 35.49}",US
125,4020109,Atuona,70,81.19,-9.8,74,9.71,81.19,-139.03,"{'lon': -139.03, 'lat': -9.8}",PF
126,1516589,Zhezkazgan,100,24.8,47.8,90,33.55,24.8,67.71,"{'lon': 67.71, 'lat': 47.8}",KZ
127,1795166,Shima,78,71.6,24.45,75,2.24,71.6,117.81,"{'lon': 117.81, 'lat': 24.45}",CN
128,3372964,Lagoa,71,57.94,39.05,15,14.63,57.94,-27.98,"{'lon': -27.98, 'lat': 39.05}",PT
129,1185274,Baniachang,50,62.46,24.52,0,4.25,62.46,91.37,"{'lon': 91.37, 'lat': 24.52}",BD
130,2108857,Gizo,69,82.11,-8.1,37,8.21,82.11,156.84,"{'lon': 156.84, 'lat': -8.1}",SB
131,5866583,Kodiak,53,24.8,57.79,1,8.05,24.8,-152.41,"{'lon': -152.41, 'lat': 57.79}",US
132,2381334,Atar,30,60.64,20.52,100,4.7,60.64,-13.05,"{'lon': -13.05, 'lat': 20.52}",MR
133,2963370,Killarney,95,45.37,52.05,95,1.81,45.37,-9.52,"{'lon': -9.52, 'lat': 52.05}",IE
134,3421765,Nanortalik,76,25.36,60.14,100,22.5,25.36,-45.24,"{'lon': -45.24, 'lat': 60.14}",GL
135,2618795,Klaksvik,87,44.6,62.23,100,26.4,44.6,-6.59,"{'lon': -6.59, 'lat': 62.23}",FO
136,3352263,Warmbad,71,57.78,-28.45,0,6.35,57.78,18.73,"{'lon': 18.73, 'lat': -28.45}",NA
137,2264557,Ponta do Sol,62,55.22,32.67,20,6.93,59.0,-17.1,"{'lon': -17.1, 'lat': 32.67}",PT
138,699328,Novopokrovka,84,32.0,49.84,75,13.42,32.0,36.55,"{'lon': 36.55, 'lat': 49.84}",UA
139,4035715,Avarua,83,80.6,-21.21,100,6.93,80.6,-159.78,"{'lon': -159.78, 'lat': -21.21}",CK
140,1649150,Bengkulu,65,85.17,-3.8,78,3.33,85.17,102.27,"{'lon': 102.27, 'lat': -3.8}",ID
141,5367788,Lompoc,100,53.82,34.64,1,5.82,57.99,-120.46,"{'lon': -120.46, 'lat': 34.64}",US
142,713743,Yakymivka,95,35.02,46.69,100,16.78,35.02,35.15,"{'lon': 35.15, 'lat': 46.69}",UA
143,2180815,Tuatapere,74,64.0,-46.13,36,14.0,64.0,167.68,"{'lon': 167.68, 'lat': -46.13}",NZ
144,1528998,Yumen,60,21.06,40.28,47,6.31,21.06,97.2,"{'lon': 97.2, 'lat': 40.28}",CN
145,3665202,Aripuana,97,74.07,-9.17,100,1.25,74.07,-60.63,"{'lon': -60.63, 'lat': -9.17}",BR
146,2178753,Kirakira,78,82.06,-10.45,56,1.16,82.06,161.92,"{'lon': 161.92, 'lat': -10.45}",SB
147,2013258,Vrangel,60,31.08,42.73,0,3.11,31.08,133.08,"{'lon': 133.08, 'lat': 42.73}",RU
148,2121025,Srednekolymsk,96,-34.06,67.45,65,7.0,-34.06,153.68,"{'lon': 153.68, 'lat': 67.45}",RU
149,3355672,Luderitz,82,62.6,-26.65,0,1.12,62.6,15.16,"{'lon': 15.16, 'lat': -26.65}",NA
150,3024035,Concarneau,64,37.4,47.88,0,10.29,39.2,-3.92,"{'lon': -3.92, 'lat': 47.88}",FR
151,1861280,Itoman,69,74.79,26.12,75,10.29,75.2,127.67,"{'lon': 127.67, 'lat': 26.12}",JP
152,101312,Turaif,95,32.0,31.67,0,6.93,32.0,38.66,"{'lon': 38.66, 'lat': 31.67}",SA
153,1254709,Tezu,71,59.18,27.92,100,1.79,59.18,96.17,"{'lon': 96.17, 'lat': 27.92}",IN
154,2315026,Kasongo-Lunda,95,66.88,-6.47,100,0.89,66.88,16.82,"{'lon': 16.82, 'lat': -6.47}",CD
155,5905393,Bonavista,84,21.0,48.65,100,1.01,21.0,-53.11,"{'lon': -53.11, 'lat': 48.65}",CA
156,515879,Oktyabrskiy,93,21.45,54.48,100,9.51,21.45,53.47,"{'lon': 53.47, 'lat': 54.48}",RU
157,1282256,Hithadhoo,80,84.72,-0.6,2,16.24,84.72,73.08,"{'lon': 73.08, 'lat': -0.6}",MV
158,2725123,Arvika,79,27.68,59.66,8,8.05,28.4,12.59,"{'lon': 12.59, 'lat': 59.66}",SE
159,932987,Tsabong,21,77.16,-26.02,33,9.26,77.16,22.4,"{'lon': 22.4, 'lat': -26.02}",BW
160,3466980,Caravelas,86,78.33,-17.71,100,26.35,78.33,-39.25,"{'lon': -39.25, 'lat': -17.71}",BR
161,5859699,College,75,-9.99,64.86,90,0.87,-8.0,-147.8,"{'lon': -147.8, 'lat': 64.86}",US
162,1721720,Cabatuan,71,79.59,10.88,15,12.97,79.59,122.49,"{'lon': 122.49, 'lat': 10.88}",PH
163,3443061,Chui,88,68.22,-33.7,4,7.65,68.22,-53.46,"{'lon': -53.46, 'lat': -33.7}",UY
164,3893656,Copiapo,82,66.2,-27.37,1,2.24,66.2,-70.33,"{'lon': -70.33, 'lat': -27.37}",CL
165,3175096,Laas,63,29.44,46.62,5,5.82,34.0,10.7,"{'lon': 10.7, 'lat': 46.62}",IT
166,2250645,Kedougou,22,75.06,12.56,76,1.41,75.06,-12.17,"{'lon': -12.17, 'lat': 12.56}",SN
167,2381972,Adrar,29,63.0,20.5,100,7.49,63.0,-10.07,"{'lon': -10.07, 'lat': 20.5}",MR
168,1705441,Lubao,58,86.0,14.92,75,9.17,88.0,120.55,"{'lon': 120.55, 'lat': 14.92}",PH
169,2171722,Charters Towers,66,83.86,-20.1,87,10.38,83.86,146.27,"{'lon': 146.27, 'lat': -20.1}",AU
170,57000,Hobyo,83,77.2,5.35,74,15.52,77.2,48.53,"{'lon': 48.53, 'lat': 5.35}",SO
171,5520993,El Paso,66,50.29,31.76,1,4.7,55.4,-106.49,"{'lon': -106.49, 'lat': 31.76}",US
172,2729907,Longyearbyen,55,6.8,78.22,21,16.11,6.8,15.64,"{'lon': 15.64, 'lat': 78.22}",SJ
173,6111862,Port Hardy,87,42.8,50.7,90,29.97,42.8,-127.42,"{'lon': -127.42, 'lat': 50.7}",CA
174,6089245,Norman Wells,83,-7.6,65.28,75,3.36,-7.6,-126.83,"{'lon': -126.83, 'lat': 65.28}",CA
175,780687,Berlevag,75,26.6,70.86,100,20.13,26.6,29.09,"{'lon': 29.09, 'lat': 70.86}",NO
176,4156920,Golden Gate,77,55.15,26.19,40,6.93,59.0,-81.7,"{'lon': -81.7, 'lat': 26.19}",US
177,1633070,Palembang,65,86.41,-2.92,1,5.03,86.41,104.75,"{'lon': 104.75, 'lat': -2.92}",ID
178,2171766,Charlestown,18,105.66,-32.95,4,19.46,108.0,151.67,"{'lon': 151.67, 'lat': -32.95}",AU
179,1680312,Umiray,65,75.79,15.22,19,11.86,75.79,121.41,"{'lon': 121.41, 'lat': 15.22}",PH
180,2270385,Camacha,77,59.0,33.08,40,12.75,59.0,-16.33,"{'lon': -16.33, 'lat': 33.08}",PT
181,1687186,Sarangani,74,81.88,5.4,0,17.67,81.88,125.46,"{'lon': 125.46, 'lat': 5.4}",PH
182,1270343,Harij,50,59.29,23.7,0,7.29,59.29,71.9,"{'lon': 71.9, 'lat': 23.7}",IN
183,1626493,Srandakan,59,86.99,-7.94,35,3.27,86.99,110.25,"{'lon': 110.25, 'lat': -7.94}",ID
184,1266397,Kodinar,42,65.19,20.79,4,17.34,65.19,70.7,"{'lon': 70.7, 'lat': 20.79}",IN
185,1283285,Jumla,55,25.02,29.27,0,2.46,25.02,82.18,"{'lon': 82.18, 'lat': 29.27}",NP
186,2396518,Port-Gentil,76,83.19,-0.72,0,6.08,83.19,8.78,"{'lon': 8.78, 'lat': -0.72}",GA
187,1159716,Sarakhs,75,42.8,36.54,100,6.93,42.8,61.16,"{'lon': 61.16, 'lat': 36.54}",IR
188,2316748,Bolobo,71,76.1,-2.17,97,1.68,76.1,16.23,"{'lon': 16.23, 'lat': -2.17}",CD
189,2177069,Ballina,74,91.4,-28.87,62,19.46,95.0,153.57,"{'lon': 153.57, 'lat': -28.87}",AU
190,4013679,Coahuayana Viejo,88,71.6,18.73,75,3.15,71.6,-103.68,"{'lon': -103.68, 'lat': 18.73}",MX
191,2392087,Porto-Novo,88,82.4,6.5,20,4.7,82.4,2.6,"{'lon': 2.6, 'lat': 6.5}",BJ
192,608872,Makat,98,34.21,47.65,100,18.99,34.21,53.35,"{'lon': 53.35, 'lat': 47.65}",KZ
193,1314759,Lashio,44,67.19,22.93,0,1.28,67.19,97.75,"{'lon': 97.75, 'lat': 22.93}",MM
194,2138555,Poum,75,79.72,-20.23,0,12.97,79.72,164.02,"{'lon': 164.02, 'lat': -20.23}",NC
195,5983720,Iqaluit,75,-16.29,63.75,75,0.74,-16.01,-68.51,"{'lon': -68.51, 'lat': 63.75}",CA
196,3372760,Praia da Vitoria,76,57.2,38.73,40,16.71,57.2,-27.07,"{'lon': -27.07, 'lat': 38.73}",PT
197,1788852,Xining,45,21.24,36.62,26,2.46,21.24,101.77,"{'lon': 101.77, 'lat': 36.62}",CN
198,1789647,Xichang,58,38.12,27.9,0,6.69,38.12,102.26,"{'lon': 102.26, 'lat': 27.9}",CN
199,1696188,Palauig,57,78.75,15.44,0,7.05,78.75,119.9,"{'lon': 119.9, 'lat': 15.44}",PH
200,2629833,Husavik,47,33.8,66.04,75,44.96,33.8,-17.34,"{'lon': -17.34, 'lat': 66.04}",IS
201,5882953,Aklavik,75,-16.6,68.22,90,2.24,-16.6,-135.01,"{'lon': -135.01, 'lat': 68.22}",CA
202,2020313,Mama,98,-17.93,58.31,100,4.68,-17.93,112.9,"{'lon': 112.9, 'lat': 58.31}",RU
203,2014718,Tynda,95,-14.82,55.17,100,3.44,-14.82,124.72,"{'lon': 124.72, 'lat': 55.17}",RU
204,6255012,Flinders,14,103.75,-34.58,90,16.11,105.01,150.86,"{'lon': 150.86, 'lat': -34.58}",AU
205,556283,Inza,94,24.19,53.85,97,6.89,24.19,46.36,"{'lon': 46.36, 'lat': 53.85}",RU
206,2175819,Biloela,59,87.01,-24.42,100,10.0,87.01,150.5,"{'lon': 150.5, 'lat': -24.42}",AU
207,2121385,Severo-Kuril'sk,81,18.37,50.68,97,13.33,18.37,156.12,"{'lon': 156.12, 'lat': 50.68}",RU
208,1280037,Shache,84,24.01,38.42,0,4.83,24.01,77.24,"{'lon': 77.24, 'lat': 38.42}",CN
209,2127202,Anadyr,67,-27.22,64.75,0,6.71,-27.0,177.48,"{'lon': 177.48, 'lat': 64.75}",RU
210,1513491,Yangi Marg`ilon,86,24.84,40.43,75,2.24,26.6,71.72,"{'lon': 71.72, 'lat': 40.43}",UZ
211,3361934,Saldanha,68,64.4,-33.01,0,3.36,64.4,17.94,"{'lon': 17.94, 'lat': -33.01}",ZA
212,2013918,Ust-Maya,97,-24.0,60.42,59,1.1,-24.0,134.53,"{'lon': 134.53, 'lat': 60.42}",RU
213,6115187,Quesnel,86,28.4,53.0,90,2.24,28.4,-122.5,"{'lon': -122.5, 'lat': 53}",CA
214,2521673,Archidona,82,45.73,37.1,75,11.41,57.2,-4.39,"{'lon': -4.39, 'lat': 37.1}",ES
215,3347719,Luena,98,62.82,-11.78,100,4.68,62.82,19.92,"{'lon': 19.92, 'lat': -11.78}",AO
216,2646557,Horsham,100,43.45,51.06,75,4.7,45.0,-0.33,"{'lon': -0.33, 'lat': 51.06}",GB
217,7671223,Kloulklubed,78,82.4,7.04,75,13.87,82.4,134.26,"{'lon': 134.26, 'lat': 7.04}",PW
218,293842,Kiryat Gat,87,44.8,31.61,75,4.7,48.2,34.76,"{'lon': 34.76, 'lat': 31.61}",IL
219,2071860,Esperance,46,69.8,-33.87,75,13.87,69.8,121.9,"{'lon': 121.9, 'lat': -33.87}",AU
220,3385980,Tucuma,84,75.9,-0.18,89,8.03,75.9,-50.05,"{'lon': -50.05, 'lat': -0.18}",BR
221,5554072,Juneau,95,34.45,58.3,90,5.1,35.6,-134.42,"{'lon': -134.42, 'lat': 58.3}",US
222,3893629,Coquimbo,90,62.13,-29.95,53,1.41,62.13,-71.34,"{'lon': -71.34, 'lat': -29.95}",CL
223,2191562,Dunedin,66,66.99,-45.87,44,5.01,66.99,170.5,"{'lon': 170.5, 'lat': -45.87}",NZ
224,656083,Jaemsae,92,23.4,61.86,36,4.7,26.01,25.19,"{'lon': 25.19, 'lat': 61.86}",FI
225,3414079,Olafsvik,58,32.54,64.89,100,45.9,32.54,-23.71,"{'lon': -23.71, 'lat': 64.89}",IS
226,88533,Awjilah,67,49.5,29.11,0,6.64,49.5,21.29,"{'lon': 21.29, 'lat': 29.11}",LY
227,4513583,Hamilton,74,30.96,39.18,1,3.18,34.0,-84.53,"{'lon': -84.53, 'lat': 39.18}",US
228,64435,Berbera,68,74.37,10.44,0,3.13,74.37,45.01,"{'lon': 45.01, 'lat': 10.44}",SO
229,3924679,Vilhena,96,71.73,-12.74,100,3.56,71.73,-60.15,"{'lon': -60.15, 'lat': -12.74}",BR
230,2020738,Litovko,90,-0.44,49.24,100,5.01,-0.44,135.17,"{'lon': 135.17, 'lat': 49.24}",RU
231,2360372,Gorom-Gorom,15,73.71,14.44,100,9.6,73.71,-0.24,"{'lon': -0.24, 'lat': 14.44}",BF
232,3372472,Vila Franca do Campo,87,53.6,37.72,75,9.17,53.6,-25.43,"{'lon': -25.43, 'lat': 37.72}",PT
233,3685428,Cumbitara,95,60.19,1.65,52,1.86,60.19,-77.58,"{'lon': -77.58, 'lat': 1.65}",CO
234,2264923,Peniche,100,47.26,39.36,75,3.36,48.2,-9.38,"{'lon': -9.38, 'lat': 39.36}",PT
235,3424607,Tasiilaq,61,17.6,65.61,0,35.57,17.6,-37.64,"{'lon': -37.64, 'lat': 65.61}",GL
236,1736660,Kota Belud,62,87.8,6.35,75,4.7,87.8,116.43,"{'lon': 116.43, 'lat': 6.35}",MY
237,159179,Ilula,88,66.2,-7.68,75,2.98,66.2,36.04,"{'lon': 36.04, 'lat': -7.68}",TZ
238,1529660,Aksu,72,22.89,41.12,20,3.94,22.89,80.26,"{'lon': 80.26, 'lat': 41.12}",CN
239,3184575,Orikum,68,44.37,40.33,0,5.19,44.37,19.47,"{'lon': 19.47, 'lat': 40.33}",AL
240,4004293,Ixtapa,78,74.32,20.7,75,2.24,75.0,-105.2,"{'lon': -105.2, 'lat': 20.7}",MX
241,934479,Grand Gaube,94,79.5,-20.01,75,3.36,80.01,57.66,"{'lon': 57.66, 'lat': -20.01}",MU
242,2132606,Samarai,62,87.85,-10.62,61,3.2,87.85,150.67,"{'lon': 150.67, 'lat': -10.62}",PG
243,3471377,Assai,83,69.8,-23.37,75,5.82,69.8,-50.84,"{'lon': -50.84, 'lat': -23.37}",BR
244,4560349,Philadelphia,92,23.59,39.95,1,1.34,28.4,-75.16,"{'lon': -75.16, 'lat': 39.95}",US
245,6170031,Tuktoyaktuk,83,-14.8,69.45,90,9.17,-14.8,-133.04,"{'lon': -133.04, 'lat': 69.45}",CA
246,2616504,Nexo,100,30.2,55.06,0,3.36,30.2,15.13,"{'lon': 15.13, 'lat': 55.06}",DK
247,6078372,Moose Factory,79,28.4,51.26,90,13.87,28.4,-80.61,"{'lon': -80.61, 'lat': 51.26}",CA
248,3541440,Sagua la Grande,81,50.0,22.81,2,6.93,50.0,-80.08,"{'lon': -80.08, 'lat': 22.81}",CU
249,2322495,Tari,17,67.91,12.41,12,12.3,67.91,4.49,"{'lon': 4.49, 'lat': 12.41}",NG
250,577240,Bereznik,91,21.99,62.86,100,11.54,21.99,42.71,"{'lon': 42.71, 'lat': 62.86}",RU
251,2094027,Kieta,75,84.02,-6.22,2,7.7,84.02,155.63,"{'lon': 155.63, 'lat': -6.22}",PG
252,1636308,Manokwari,75,80.65,-0.87,10,7.14,80.65,134.08,"{'lon': 134.08, 'lat': -0.87}",ID
253,571155,Buinsk,96,21.24,54.95,59,8.19,21.24,48.28,"{'lon': 48.28, 'lat': 54.95}",RU
254,2158767,Mareeba,79,87.62,-17.0,92,10.29,88.0,145.43,"{'lon': 145.43, 'lat': -17}",AU
255,2447513,Arlit,15,64.29,18.74,26,6.98,64.29,7.39,"{'lon': 7.39, 'lat': 18.74}",NE
256,2030065,Mandalgovi,70,6.1,45.76,0,4.63,6.1,106.27,"{'lon': 106.27, 'lat': 45.76}",MN
257,1235846,Matara,71,81.77,5.95,24,12.08,81.77,80.54,"{'lon': 80.54, 'lat': 5.95}",LK
258,553766,Kamenka,95,30.52,51.32,93,8.99,30.99,42.77,"{'lon': 42.77, 'lat': 51.32}",RU
259,3385077,Conde,83,80.6,-7.26,40,4.7,80.6,-34.91,"{'lon': -34.91, 'lat': -7.26}",BR
260,2063036,Port Lincoln,43,66.36,-34.73,41,19.37,66.36,135.87,"{'lon': 135.87, 'lat': -34.73}",AU
261,1255024,Tanda,68,54.25,26.55,0,10.76,54.25,82.65,"{'lon': 82.65, 'lat': 26.55}",IN
262,4704628,Lake Jackson,100,60.62,29.03,90,4.7,63.0,-95.43,"{'lon': -95.43, 'lat': 29.03}",US
263,2417886,Mali,25,72.61,12.08,83,3.09,72.61,-12.3,"{'lon': -12.3, 'lat': 12.08}",GN
264,3421193,Paamiut,70,19.15,61.99,100,7.45,19.15,-49.67,"{'lon': -49.67, 'lat': 61.99}",GL
265,515805,Oktyabrskoye,86,28.4,43.06,40,8.95,28.4,44.74,"{'lon': 44.74, 'lat': 43.06}",RU
266,778707,Mehamn,83,20.14,71.04,100,13.65,20.14,27.85,"{'lon': 27.85, 'lat': 71.04}",NO
267,3356832,Henties Bay,91,64.99,-22.12,0,1.01,64.99,14.28,"{'lon': 14.28, 'lat': -22.12}",NA
268,1276463,Beniganj,73,51.66,27.28,0,11.12,51.66,80.45,"{'lon': 80.45, 'lat': 27.28}",IN
269,3662489,Santa Isabel do Rio Negro,86,77.22,-0.41,82,1.72,77.22,-65.02,"{'lon': -65.02, 'lat': -0.41}",BR
270,2094342,Kavieng,75,83.7,-2.57,0,12.86,83.7,150.8,"{'lon': 150.8, 'lat': -2.57}",PG
271,2014624,Udachny,65,-36.4,66.42,14,1.92,-36.4,112.4,"{'lon': 112.4, 'lat': 66.42}",RU
272,1633419,Padang,64,81.1,-0.95,41,2.06,81.1,100.35,"{'lon': 100.35, 'lat': -0.95}",ID
273,5380437,Pacific Grove,87,51.53,36.62,1,9.55,55.4,-121.92,"{'lon': -121.92, 'lat': 36.62}",US
274,5309842,Prescott,69,40.44,34.54,1,3.56,45.0,-112.47,"{'lon': -112.47, 'lat': 34.54}",US
275,2192362,Christchurch,68,68.47,-43.53,0,18.34,75.0,172.63,"{'lon': 172.63, 'lat': -43.53}",NZ
276,3466704,Castro,99,57.27,-24.79,100,7.61,57.27,-50.01,"{'lon': -50.01, 'lat': -24.79}",BR
277,2034497,Guangming,65,17.01,45.33,0,12.59,17.01,122.78,"{'lon': 122.78, 'lat': 45.33}",CN
278,630769,Ylivieska,90,26.51,64.08,82,5.01,33.01,24.67,"{'lon': 24.67, 'lat': 64.08}",FI
279,3628473,San Cristobal,88,77.0,7.77,40,4.7,77.0,-72.22,"{'lon': -72.22, 'lat': 7.77}",VE
280,1529626,Baijiantan,89,9.99,45.63,100,4.36,9.99,85.18,"{'lon': 85.18, 'lat': 45.63}",CN
281,60019,Eyl,82,78.13,7.98,31,22.53,78.13,49.82,"{'lon': 49.82, 'lat': 7.98}",SO
282,4377664,Blue Springs,100,34.27,39.02,90,10.78,35.6,-94.28,"{'lon': -94.28, 'lat': 39.02}",US
283,3899539,Antofagasta,80,68.83,-23.65,79,1.54,68.83,-70.4,"{'lon': -70.4, 'lat': -23.65}",CL
284,3839307,Rawson,66,68.36,-43.3,82,11.74,68.36,-65.1,"{'lon': -65.1, 'lat': -43.3}",AR
285,3837702,San Fernando del Valle de Catamarca,55,75.92,-28.47,49,5.01,82.0,-65.79,"{'lon': -65.79, 'lat': -28.47}",AR
286,2024848,Drovyanaya,34,3.2,51.58,0,4.47,3.2,113.03,"{'lon': 113.03, 'lat': 51.58}",RU
287,1687894,Santa Rosa,48,86.99,14.31,20,11.41,88.0,121.11,"{'lon': 121.11, 'lat': 14.31}",PH
288,3894406,Coihueco,88,57.15,-36.62,0,0.92,57.15,-71.83,"{'lon': -71.83, 'lat': -36.62}",CL
289,290030,Doha,72,65.28,25.29,56,6.93,66.2,51.53,"{'lon': 51.53, 'lat': 25.29}",QA
290,2163355,Hobart,72,62.56,-42.88,75,9.17,66.0,147.33,"{'lon': 147.33, 'lat': -42.88}",AU
291,2134814,Sola,66,87.8,-13.88,75,5.82,87.8,167.55,"{'lon': 167.55, 'lat': -13.88}",VU
292,3155152,Gravdal,97,33.8,68.12,90,19.46,33.8,13.5,"{'lon': 13.5, 'lat': 68.12}",NO
293,898947,Senanga,89,68.25,-16.12,100,0.31,68.25,23.27,"{'lon': 23.27, 'lat': -16.12}",ZM
294,2319133,Warri,93,75.88,5.52,96,2.57,75.88,5.75,"{'lon': 5.75, 'lat': 5.52}",NG
295,4315067,Ascension,87,48.2,30.22,90,6.33,51.01,-90.9,"{'lon': -90.9, 'lat': 30.22}",US
296,2037485,Erenhot,75,12.83,43.65,16,3.71,12.83,111.98,"{'lon': 111.98, 'lat': 43.65}",CN
297,3382160,Cayenne,94,69.8,4.93,20,4.41,69.8,-52.33,"{'lon': -52.33, 'lat': 4.93}",GF
298,2446796,Bilma,21,59.02,18.69,14,9.22,59.02,12.92,"{'lon': 12.92, 'lat': 18.69}",NE
299,4202810,Jesup,61,44.29,31.61,1,6.93,46.4,-81.89,"{'lon': -81.89, 'lat': 31.61}",US
300,934322,Mahebourg,94,79.34,-20.41,75,3.36,80.01,57.7,"{'lon': 57.7, 'lat': -20.41}",MU
301,286621,Salalah,60,73.4,17.02,75,3.36,73.4,54.09,"{'lon': 54.09, 'lat': 17.02}",OM
302,1282898,Pokhara,45,55.15,28.23,0,1.57,55.15,83.98,"{'lon': 83.98, 'lat': 28.23}",NP
303,314188,Goksun,74,30.2,38.02,0,4.7,30.2,36.5,"{'lon': 36.5, 'lat': 38.02}",TR
304,400666,Rhodes,54,52.16,36.44,20,12.75,55.99,28.22,"{'lon': 28.22, 'lat': 36.44}",GR
305,2126199,Cherskiy,98,-32.98,68.75,100,4.99,-32.98,161.3,"{'lon': 161.3, 'lat': 68.75}",RU
306,779554,Honningsvag,75,25.47,70.98,100,13.87,25.47,25.97,"{'lon': 25.97, 'lat': 70.98}",NO
307,1242110,Kalmunai,81,81.16,7.42,99,17.63,81.16,81.82,"{'lon': 81.82, 'lat': 7.42}",LK
308,2857458,Oldenburg,93,38.05,53.17,75,2.24,41.0,8.2,"{'lon': 8.2, 'lat': 53.17}",DE
309,5282297,Bethel,78,23.47,41.37,1,1.66,28.0,-73.41,"{'lon': -73.41, 'lat': 41.37}",US
310,2738381,Lata,93,46.94,40.16,75,2.24,50.0,-8.33,"{'lon': -8.33, 'lat': 40.16}",PT
311,1507116,Dudinka,84,-2.2,69.41,75,24.61,-2.2,86.18,"{'lon': 86.18, 'lat': 69.41}",RU
312,3448903,Sao Joao da Barra,89,73.13,-21.64,100,6.13,73.13,-41.05,"{'lon': -41.05, 'lat': -21.64}",BR
313,5557293,Sitka,70,40.64,57.05,90,9.17,42.8,-135.33,"{'lon': -135.33, 'lat': 57.05}",US
314,2167426,Emerald,52,89.44,-23.53,40,8.05,91.0,148.17,"{'lon': 148.17, 'lat': -23.53}",AU
315,4031574,Provideniya,70,-5.8,64.38,0,4.97,-5.8,-173.3,"{'lon': -173.3, 'lat': 64.38}",RU
316,877532,Newala,87,72.93,-10.94,98,2.95,72.93,39.28,"{'lon': 39.28, 'lat': -10.94}",TZ
317,343593,Areka,53,68.77,7.07,99,2.51,68.77,37.7,"{'lon': 37.7, 'lat': 7.07}",ET
318,3577430,Road Town,78,78.01,18.42,20,13.87,79.0,-64.62,"{'lon': -64.62, 'lat': 18.42}",VG
319,1498161,Muzhi,97,3.88,65.37,100,3.71,3.88,64.67,"{'lon': 64.67, 'lat': 65.37}",RU
320,544084,Koslan,92,19.51,63.46,100,11.18,19.51,48.9,"{'lon': 48.9, 'lat': 63.46}",RU
321,1811720,Enshi,93,40.57,30.3,100,3.71,40.57,109.48,"{'lon': 109.48, 'lat': 30.3}",CN
322,1274571,Charkhi Dadri,67,48.02,28.6,0,9.37,48.02,76.27,"{'lon': 76.27, 'lat': 28.6}",IN
323,3939168,Huarmey,77,70.88,-10.07,100,3.04,70.88,-78.15,"{'lon': -78.15, 'lat': -10.07}",PE
324,1508943,Borodino,88,8.69,55.91,100,4.74,8.69,94.9,"{'lon': 94.9, 'lat': 55.91}",RU
325,1274989,Candolim,61,78.8,15.52,46,10.29,78.8,73.76,"{'lon': 73.76, 'lat': 15.52}",IN
326,1810637,Ganzhou,95,45.46,28.82,100,4.68,45.46,115.43,"{'lon': 115.43, 'lat': 28.82}",CN
327,5605242,Rexburg,79,27.41,43.83,90,1.41,28.99,-111.79,"{'lon': -111.79, 'lat': 43.83}",US
328,1259385,Port Blair,80,80.47,11.67,86,13.31,80.47,92.75,"{'lon': 92.75, 'lat': 11.67}",IN
329,2015306,Tiksi,86,-28.12,71.69,48,4.07,-28.12,128.87,"{'lon': 128.87, 'lat': 71.69}",RU
330,3041732,Mariehamn,75,32.0,60.1,17,4.7,32.0,19.93,"{'lon': 19.93, 'lat': 60.1}",AX
331,6319315,Fonte Boa,90,75.24,-2.5,76,3.6,75.24,-66.27,"{'lon': -66.27, 'lat': -2.5}",BR
332,3456283,Niteroi,83,75.42,-22.88,40,3.36,77.0,-43.1,"{'lon': -43.1, 'lat': -22.88}",BR
333,1734052,Sandakan,70,84.13,5.84,40,6.93,84.2,118.12,"{'lon': 118.12, 'lat': 5.84}",MY
334,5044290,Saint Anthony,100,32.59,45.02,90,6.93,34.0,-93.22,"{'lon': -93.22, 'lat': 45.02}",US
335,3662927,Pauini,96,74.39,-7.71,100,1.86,74.39,-66.98,"{'lon': -66.98, 'lat': -7.71}",BR
336,135298,Esfarayen,80,30.2,37.08,75,2.24,30.2,57.51,"{'lon': 57.51, 'lat': 37.08}",IR
337,2125906,Dukat,97,-30.87,62.55,100,3.0,-30.87,155.55,"{'lon': 155.55, 'lat': 62.55}",RU
338,1830377,Lumphat,48,82.47,13.49,32,6.73,82.47,106.98,"{'lon': 106.98, 'lat': 13.49}",KH
339,2122090,Pevek,99,-18.35,69.7,100,4.27,-18.35,170.31,"{'lon': 170.31, 'lat': 69.7}",RU
340,1624041,Ternate,56,87.21,0.8,100,6.69,87.21,127.4,"{'lon': 127.4, 'lat': 0.8}",ID
341,5972762,Hay River,92,6.8,60.82,90,11.41,6.8,-115.8,"{'lon': -115.8, 'lat': 60.82}",CA
342,2137773,Vao,74,77.2,-22.67,0,15.43,77.2,167.48,"{'lon': 167.48, 'lat': -22.67}",NC
343,2038087,Chengde,64,26.15,40.97,0,4.27,26.15,117.94,"{'lon': 117.94, 'lat': 40.97}",CN
344,2630299,Hofn,66,38.03,64.25,68,51.81,38.03,-15.21,"{'lon': -15.21, 'lat': 64.25}",IS
345,281133,Gaza,87,45.73,31.5,75,4.7,48.2,34.47,"{'lon': 34.47, 'lat': 31.5}",PS
346,1847947,Shingu,93,62.6,33.73,75,3.36,62.6,135.98,"{'lon': 135.98, 'lat': 33.73}",JP
347,5894642,Bassano,77,23.0,50.78,0,3.0,23.0,-112.47,"{'lon': -112.47, 'lat': 50.78}",CA
348,2448083,Agadez,20,55.49,19.75,0,3.15,55.49,10.25,"{'lon': 10.25, 'lat': 19.75}",NE
349,3373790,Holetown,69,78.8,13.19,75,16.11,78.8,-59.64,"{'lon': -59.64, 'lat': 13.19}",BB
350,4505215,Amberley,57,30.96,39.2,1,3.18,34.0,-84.43,"{'lon': -84.43, 'lat': 39.2}",US
351,3897774,Buin,68,68.23,-33.73,0,8.05,70.0,-70.75,"{'lon': -70.75, 'lat': -33.73}",CL
352,3374210,Sao Filipe,76,70.86,14.9,66,8.68,70.86,-24.5,"{'lon': -24.5, 'lat': 14.9}",CV
353,4134716,Van Buren,93,34.97,35.44,90,9.53,37.4,-94.35,"{'lon': -94.35, 'lat': 35.44}",US
354,3520994,Puerto Escondido,83,78.8,15.85,20,1.79,78.8,-97.07,"{'lon': -97.07, 'lat': 15.85}",MX
355,1485721,Yurgamysh,89,26.94,55.37,100,13.31,26.94,64.47,"{'lon': 64.47, 'lat': 55.37}",RU
356,3407762,Amapa,89,70.25,1.0,40,4.54,70.25,-52.0,"{'lon': -52, 'lat': 1}",BR
357,364933,Umm Kaddadah,34,49.42,13.6,0,14.18,49.42,26.69,"{'lon': 26.69, 'lat': 13.6}",SD
358,3985168,San Patricio,74,80.6,19.22,75,4.7,80.6,-104.7,"{'lon': -104.7, 'lat': 19.22}",MX
359,2087894,Rabaul,78,83.53,-4.2,1,17.45,83.53,152.17,"{'lon': 152.17, 'lat': -4.2}",PG
360,2186280,Nelson,46,82.81,-41.28,28,8.01,86.0,173.28,"{'lon': 173.28, 'lat': -41.28}",NZ
361,2460954,Araouane,20,74.28,18.9,96,7.43,74.28,-3.53,"{'lon': -3.53, 'lat': 18.9}",ML
362,2027933,Aleksandrovskiy Zavod,70,-6.02,50.92,0,10.69,-6.02,117.94,"{'lon': 117.94, 'lat': 50.92}",RU
363,2036776,Huadian,89,26.82,42.96,100,14.05,26.82,126.75,"{'lon': 126.75, 'lat': 42.96}",CN
364,4377925,Boone,86,32.5,39.03,90,11.41,34.0,-92.33,"{'lon': -92.33, 'lat': 39.03}",US
365,6088469,Nipawin,92,8.6,53.37,40,5.82,8.6,-104.0,"{'lon': -104, 'lat': 53.37}",CA
366,3423146,Ilulissat,66,10.4,69.22,100,10.29,10.4,-51.1,"{'lon': -51.1, 'lat': 69.22}",GL
367,2210554,Sirte,83,49.32,31.21,33,6.71,49.32,16.59,"{'lon': 16.59, 'lat': 31.21}",LY
368,3932145,Pisco,83,74.62,-13.7,90,3.36,75.2,-76.22,"{'lon': -76.22, 'lat': -13.7}",PE
369,3696183,Iquitos,94,78.8,-3.75,22,2.55,78.8,-73.25,"{'lon': -73.25, 'lat': -3.75}",PE
370,1498087,Nadym,94,7.9,65.53,100,19.01,7.9,72.52,"{'lon': 72.52, 'lat': 65.53}",RU
371,935214,Saint-Pierre,94,76.37,-21.34,90,4.7,80.6,55.48,"{'lon': 55.48, 'lat': -21.34}",RE
372,6620339,Karratha,72,84.56,-20.74,0,16.62,84.56,116.85,"{'lon': 116.85, 'lat': -20.74}",AU
373,3470137,Belmonte,83,75.2,-15.86,100,6.93,75.2,-38.88,"{'lon': -38.88, 'lat': -15.86}",BR
374,3405616,Boa Viagem,86,75.09,-5.13,100,3.6,75.09,-39.73,"{'lon': -39.73, 'lat': -5.13}",BR
375,5197850,Lewistown,92,19.81,40.6,1,1.59,25.0,-77.57,"{'lon': -77.57, 'lat': 40.6}",US
376,2019867,Mokhsogollokh,98,-15.3,61.47,100,1.05,-15.3,128.92,"{'lon': 128.92, 'lat': 61.47}",RU
377,4036284,Alofi,62,84.2,-19.06,20,12.75,84.2,-169.92,"{'lon': -169.92, 'lat': -19.06}",NU
378,2146219,Hervey Bay,78,82.18,-25.3,40,12.75,82.4,152.85,"{'lon': 152.85, 'lat': -25.3}",AU
379,1337607,Kudahuvadhoo,81,83.43,2.67,95,19.55,83.43,72.89,"{'lon': 72.89, 'lat': 2.67}",MV
380,1712961,Gigmoto,74,79.5,13.78,8,12.53,79.5,124.39,"{'lon': 124.39, 'lat': 13.78}",PH
381,5742974,North Bend,87,52.7,43.41,90,6.93,55.0,-124.22,"{'lon': -124.22, 'lat': 43.41}",US
382,140889,Maragheh,92,21.2,37.39,75,2.24,21.2,46.24,"{'lon': 46.24, 'lat': 37.39}",IR
383,1563281,Tuy Hoa,85,74.21,13.08,66,7.7,74.21,109.3,"{'lon': 109.3, 'lat': 13.08}",VN
384,3456820,Monte Santo,92,71.17,-10.44,100,4.12,71.17,-39.33,"{'lon': -39.33, 'lat': -10.44}",BR
385,1486321,Yar-Sale,93,6.89,66.83,100,14.83,6.89,70.83,"{'lon': 70.83, 'lat': 66.83}",RU
386,296852,Erzin,80,35.1,36.96,0,5.82,39.99,36.2,"{'lon': 36.2, 'lat': 36.96}",TR
387,3828545,San Jose del Guaviare,75,76.71,2.57,100,1.41,76.71,-72.65,"{'lon': -72.65, 'lat': 2.57}",CO
388,159134,Inyonga,95,65.98,-6.72,100,3.62,65.98,32.07,"{'lon': 32.07, 'lat': -6.72}",TZ
389,3646487,Carora,78,69.53,10.18,68,1.28,69.53,-70.08,"{'lon': -70.08, 'lat': 10.18}",VE
390,1786657,Yinchuan,39,29.48,38.47,100,5.7,29.48,106.27,"{'lon': 106.27, 'lat': 38.47}",CN
391,2315417,Inongo,59,73.04,-1.95,100,1.72,73.04,18.27,"{'lon': 18.27, 'lat': -1.95}",CD
392,1522348,Komsomolets,85,24.46,53.75,70,14.58,24.46,62.07,"{'lon': 62.07, 'lat': 53.75}",KZ
393,556268,Ostrovnoy,87,23.4,68.05,100,27.22,23.4,39.51,"{'lon': 39.51, 'lat': 68.05}",RU
394,2022342,Khomutovo,83,-4.0,52.47,0,4.47,-4.0,104.4,"{'lon': 104.4, 'lat': 52.47}",RU
395,3663142,Novo Aripuana,92,75.87,-5.12,85,1.81,75.87,-60.38,"{'lon': -60.38, 'lat': -5.12}",BR
396,1519422,Semey,79,23.0,50.41,40,26.84,23.0,80.23,"{'lon': 80.23, 'lat': 50.41}",KZ
397,2121373,Seymchan,95,-23.19,62.88,98,1.95,-23.19,152.43,"{'lon': 152.43, 'lat': 62.88}",RU
398,6167254,Tofield,92,17.47,53.37,20,5.82,21.2,-112.67,"{'lon': -112.67, 'lat': 53.37}",CA
399,145724,Lucapa,94,67.62,-8.42,100,3.62,67.62,20.74,"{'lon': 20.74, 'lat': -8.42}",AO
400,3620266,Corn Island,77,78.3,12.17,100,22.39,78.3,-83.04,"{'lon': -83.04, 'lat': 12.17}",NI
401,240210,Birao,19,57.72,10.28,47,15.03,57.72,22.79,"{'lon': 22.79, 'lat': 10.28}",CF
402,5546220,Saint George,100,41.5,37.1,1,4.7,46.99,-113.58,"{'lon': -113.58, 'lat': 37.1}",US
403,158514,Kaliua,97,65.91,-5.06,100,3.29,65.91,31.79,"{'lon': 31.79, 'lat': -5.06}",TZ
404,1504382,Kargasok,91,13.86,59.06,100,14.27,13.86,80.86,"{'lon': 80.86, 'lat': 59.06}",RU
405,1045114,Inhambane,65,76.35,-23.86,68,7.09,76.35,35.38,"{'lon': 35.38, 'lat': -23.86}",MZ
406,4231997,Avera,51,38.25,33.19,40,3.36,42.8,-82.53,"{'lon': -82.53, 'lat': 33.19}",US
407,2980080,Saint-Francois,92,28.15,46.42,21,3.36,28.99,3.91,"{'lon': 3.91, 'lat': 46.42}",FR
408,3347019,Mossamedes,75,74.21,-15.2,100,9.78,74.21,12.15,"{'lon': 12.15, 'lat': -15.2}",AO
409,5095779,Bloomfield,92,25.21,40.81,1,2.26,32.0,-74.19,"{'lon': -74.19, 'lat': 40.81}",US
410,2206874,Waipawa,77,69.19,-41.41,0,20.8,75.0,175.52,"{'lon': 175.52, 'lat': -41.41}",NZ
411,4031742,Egvekinot,99,-23.66,66.32,0,0.89,-23.66,-179.17,"{'lon': -179.17, 'lat': 66.32}",RU
412,5273927,Sparta,86,29.55,43.94,90,5.82,30.2,-90.81,"{'lon': -90.81, 'lat': 43.94}",US
413,5364271,Laguna,100,49.51,38.42,1,4.7,53.01,-121.42,"{'lon': -121.42, 'lat': 38.42}",US
414,2033574,Zhangjiakou Shi Xuanhua Qu,52,24.26,40.61,0,6.24,24.26,115.04,"{'lon': 115.04, 'lat': 40.61}",CN
415,777019,Vardo,78,17.6,70.37,40,19.46,17.6,31.11,"{'lon': 31.11, 'lat': 70.37}",NO
416,878141,Madimba,94,77.0,-10.4,75,9.17,77.0,40.33,"{'lon': 40.33, 'lat': -10.4}",TZ
417,1252783,Yarada,78,77.0,17.65,40,3.36,77.0,83.27,"{'lon': 83.27, 'lat': 17.65}",IN
418,1714733,Dingle,71,79.59,11.0,15,12.97,79.59,122.67,"{'lon': 122.67, 'lat': 11}",PH
419,3374333,Praia,77,69.8,14.92,95,12.75,69.8,-23.51,"{'lon': -23.51, 'lat': 14.92}",CV
420,1507636,Chunskiy,91,-8.37,56.08,14,3.06,-8.37,99.63,"{'lon': 99.63, 'lat': 56.08}",RU
421,352733,Mersa Matruh,76,50.0,31.35,40,11.41,50.0,27.25,"{'lon': 27.25, 'lat': 31.35}",EG
422,3416888,Grindavik,80,30.2,63.84,75,42.5,30.2,-22.43,"{'lon': -22.43, 'lat': 63.84}",IS
423,3412888,Stykkisholmur,63,29.53,65.08,100,35.63,29.53,-22.73,"{'lon': -22.73, 'lat': 65.08}",IS
424,3877918,Ovalle,78,60.08,-30.6,11,1.99,60.08,-71.2,"{'lon': -71.2, 'lat': -30.6}",CL
425,2610806,Vagur,91,47.89,61.47,100,32.75,47.89,-6.81,"{'lon': -6.81, 'lat': 61.47}",FO
426,2415702,Siguiri,26,77.85,11.67,100,3.58,77.85,-9.5,"{'lon': -9.5, 'lat': 11.67}",GN
427,4466033,Fayetteville,51,33.06,35.05,1,3.36,37.4,-78.88,"{'lon': -78.88, 'lat': 35.05}",US
428,5850554,Makakilo City,57,75.61,21.35,40,6.93,78.8,-158.09,"{'lon': -158.09, 'lat': 21.35}",US
429,5952370,Fernie,98,33.03,49.5,75,4.7,34.0,-115.07,"{'lon': -115.07, 'lat': 49.5}",CA
430,1852357,Shimoda,93,48.65,34.67,75,6.93,51.8,138.95,"{'lon': 138.95, 'lat': 34.67}",JP
431,64013,Bosaso,73,76.1,11.28,95,9.44,76.1,49.18,"{'lon': 49.18, 'lat': 11.28}",SO
432,6113365,Prince George,100,26.74,53.92,90,3.36,28.0,-122.75,"{'lon': -122.75, 'lat': 53.92}",CA
433,933726,Hukuntsi,39,76.71,-24.0,97,7.18,76.71,21.75,"{'lon': 21.75, 'lat': -24}",BW
434,2386756,Gamboula,27,59.92,4.12,11,1.14,59.92,15.14,"{'lon': 15.14, 'lat': 4.12}",CF
435,286245,Sur,79,65.37,22.57,34,4.03,65.37,59.53,"{'lon': 59.53, 'lat': 22.57}",OM
436,5955902,Fort Nelson,91,-0.4,58.81,20,0.54,-0.4,-122.7,"{'lon': -122.7, 'lat': 58.81}",CA
437,3420846,Qaqortoq,66,15.8,60.72,100,2.24,15.8,-46.03,"{'lon': -46.03, 'lat': 60.72}",GL
438,2173911,Broken Hill,25,84.2,-31.95,100,17.22,84.2,141.43,"{'lon': 141.43, 'lat': -31.95}",AU
439,2055166,Sayansk,92,-6.84,54.11,1,9.48,-6.84,102.16,"{'lon': 102.16, 'lat': 54.11}",RU
440,1651103,Atambua,66,83.55,-9.11,49,6.93,83.55,124.89,"{'lon': 124.89, 'lat': -9.11}",ID
441,3671497,Puerto Colombia,83,78.8,10.99,40,5.82,78.8,-74.95,"{'lon': -74.95, 'lat': 10.99}",CO
442,4255151,Bud,56,32.85,39.45,1,9.17,35.01,-86.18,"{'lon': -86.18, 'lat': 39.45}",US
443,3395981,Maceio,88,78.8,-9.67,100,3.36,78.8,-35.74,"{'lon': -35.74, 'lat': -9.67}",BR
444,608270,Shubarshi,95,31.12,48.59,100,19.53,31.12,57.19,"{'lon': 57.19, 'lat': 48.59}",KZ
445,4033557,Tautira,70,86.0,-17.73,20,11.41,86.0,-149.15,"{'lon': -149.15, 'lat': -17.73}",PF
446,2017215,Sangar,95,-18.6,63.92,100,9.71,-18.6,127.47,"{'lon': 127.47, 'lat': 63.92}",RU
447,240604,Bambari,20,64.89,5.77,100,3.8,64.89,20.68,"{'lon': 20.68, 'lat': 5.77}",CF
448,1267390,Kavaratti,74,84.2,10.57,20,46.08,84.2,72.64,"{'lon': 72.64, 'lat': 10.57}",IN
449,2294915,Takoradze,90,77.76,4.88,99,3.04,77.76,-1.76,"{'lon': -1.76, 'lat': 4.88}",GH
450,654901,Kajaani,79,21.2,64.17,8,5.82,21.2,27.67,"{'lon': 27.67, 'lat': 64.17}",FI
451,1798480,Pumiao,83,71.6,22.75,40,8.95,71.6,108.48,"{'lon': 108.48, 'lat': 22.75}",CN
452,3979975,Yaqui,67,63.43,27.37,0,8.21,63.43,-110.17,"{'lon': -110.17, 'lat': 27.37}",MX
453,1785036,Zhangye,32,27.81,38.93,73,1.9,27.81,100.45,"{'lon': 100.45, 'lat': 38.93}",CN
454,2377457,Nouadhibou,75,61.66,20.93,33,18.79,61.66,-17.03,"{'lon': -17.03, 'lat': 20.93}",MR
455,5294810,Flagstaff,65,35.04,35.2,1,8.05,45.0,-111.65,"{'lon': -111.65, 'lat': 35.2}",US
456,2017979,Petropavlovka,86,-4.94,50.61,0,2.98,-4.94,105.32,"{'lon': 105.32, 'lat': 50.61}",RU
457,1651591,Amahai,58,86.07,-3.33,42,4.45,86.07,128.92,"{'lon': 128.92, 'lat': -3.33}",ID
458,2208248,Kaitangata,87,57.13,-46.28,4,17.49,57.13,169.85,"{'lon': 169.85, 'lat': -46.28}",NZ
459,485660,Tsimmerbude,75,39.2,54.67,75,13.42,39.2,20.13,"{'lon': 20.13, 'lat': 54.67}",RU
460,5861897,Fairbanks,69,-9.15,64.84,90,1.14,-8.0,-147.72,"{'lon': -147.72, 'lat': 64.84}",US
461,4031637,Lavrentiya,88,-9.36,65.58,100,6.02,-9.36,-171.0,"{'lon': -171, 'lat': 65.58}",RU
462,5404476,Ukiah,81,46.83,39.15,90,0.69,51.8,-123.21,"{'lon': -123.21, 'lat': 39.15}",US
463,3377301,Mabaruma,99,69.89,8.2,90,2.1,69.89,-59.78,"{'lon': -59.78, 'lat': 8.2}",GY
464,1786110,Yuancheng,49,27.95,36.65,100,6.15,27.95,107.79,"{'lon': 107.79, 'lat': 36.65}",CN
465,2439155,Tanout,18,61.5,14.97,78,14.25,61.5,8.89,"{'lon': 8.89, 'lat': 14.97}",NE
466,3145614,Storforshei,98,27.0,66.4,100,4.0,27.0,14.52,"{'lon': 14.52, 'lat': 66.4}",NO
467,6050066,La Ronge,92,15.8,55.1,75,4.7,15.8,-105.28,"{'lon': -105.28, 'lat': 55.1}",CA
468,7521944,Sangre Grande,83,73.87,10.58,2,4.7,75.0,-61.12,"{'lon': -61.12, 'lat': 10.58}",TT
469,3386213,Touros,83,80.6,-5.2,40,8.05,80.6,-35.46,"{'lon': -35.46, 'lat': -5.2}",BR
470,1640972,Katobu,71,86.54,-4.94,53,2.55,86.54,122.53,"{'lon': 122.53, 'lat': -4.94}",ID
471,3359638,Walvis Bay,93,63.43,-22.96,0,1.12,64.99,14.51,"{'lon': 14.51, 'lat': -22.96}",NA
472,2016307,Solnechnyy,97,-1.39,50.72,39,4.68,-1.39,136.63,"{'lon': 136.63, 'lat': 50.72}",RU
473,3869716,Tocopilla,76,61.88,-22.09,78,4.43,61.88,-70.2,"{'lon': -70.2, 'lat': -22.09}",CL
474,1684245,Tagusao,73,80.73,9.19,77,13.4,80.73,117.81,"{'lon': 117.81, 'lat': 9.19}",PH
475,542571,Krasnaya Yaruga,68,30.2,50.8,75,13.42,30.2,35.66,"{'lon': 35.66, 'lat': 50.8}",RU
476,504831,Proletarsk,94,34.21,46.7,100,18.43,34.21,41.72,"{'lon': 41.72, 'lat': 46.7}",RU
477,3445026,Vila Velha,94,73.22,-20.33,90,2.24,73.4,-40.29,"{'lon': -40.29, 'lat': -20.33}",BR
478,3984997,San Quintin,84,58.14,30.48,33,11.3,58.14,-115.95,"{'lon': -115.95, 'lat': 30.48}",MX
479,6541759,Mazara del Vallo,81,50.34,37.66,75,6.93,53.6,12.59,"{'lon': 12.59, 'lat': 37.66}",IT
480,3038789,Abbeville,93,37.76,50.1,0,9.17,41.0,1.83,"{'lon': 1.83, 'lat': 50.1}",FR
481,1505991,Igarka,94,-1.84,67.47,100,20.83,-1.84,86.58,"{'lon': 86.58, 'lat': 67.47}",RU
482,527869,Medyn,74,28.4,54.97,90,17.9,28.4,35.86,"{'lon': 35.86, 'lat': 54.97}",RU
483,2686469,OErnskoeldsvik,80,28.58,63.29,43,10.29,30.2,18.72,"{'lon': 18.72, 'lat': 63.29}",SE
484,1502280,Koyelga,80,20.37,54.65,73,14.61,20.37,60.9,"{'lon': 60.9, 'lat': 54.65}",RU
485,5105640,Union,63,25.0,40.63,1,2.59,32.0,-74.27,"{'lon': -74.27, 'lat': 40.63}",US
486,244878,Biltine,24,56.39,14.53,0,17.09,56.39,20.92,"{'lon': 20.92, 'lat': 14.53}",TD
487,1067565,Beloha,86,69.67,-25.17,44,12.17,69.67,45.05,"{'lon': 45.05, 'lat': -25.17}",MG
488,3868707,Valdivia,68,66.2,-39.81,0,8.05,66.2,-73.25,"{'lon': -73.25, 'lat': -39.81}",CL
489,1254751,Tendukheda,72,59.0,23.4,1,9.17,59.0,79.55,"{'lon': 79.55, 'lat': 23.4}",IN
490,602913,Skelleftea,79,26.31,64.75,71,5.82,26.6,20.95,"{'lon': 20.95, 'lat': 64.75}",SE
491,2757220,Den Helder,100,43.5,52.96,90,4.7,46.0,4.76,"{'lon': 4.76, 'lat': 52.96}",NL
492,1657818,Champasak,65,80.6,14.75,0,2.3,80.6,106.0,"{'lon': 106, 'lat': 14.75}",LA
493,1253694,Uri,81,24.55,34.08,32,10.89,24.55,74.03,"{'lon': 74.03, 'lat': 34.08}",IN
494,10722858,Forsytheganj,76,30.85,52.63,94,17.69,30.85,29.73,"{'lon': 29.73, 'lat': 52.63}",BY
495,1669401,Yuanli,57,81.16,24.44,40,4.7,82.99,120.65,"{'lon': 120.65, 'lat': 24.44}",TW
496,2172880,Byron Bay,74,88.74,-28.65,56,20.8,95.0,153.62,"{'lon': 153.62, 'lat': -28.65}",AU
497,1644932,Ende,71,83.39,-8.84,0,3.78,83.39,121.66,"{'lon': 121.66, 'lat': -8.84}",ID
498,1526041,Atasu,91,21.87,48.68,100,28.45,21.87,71.64,"{'lon': 71.64, 'lat': 48.68}",KZ
499,5110365,Broome,92,22.62,42.25,1,3.29,28.4,-75.83,"{'lon': -75.83, 'lat': 42.25}",US
500,1724435,Bogo,67,81.93,11.05,2,10.76,81.93,124.01,"{'lon': 124.01, 'lat': 11.05}",PH
501,2023943,Gorin,90,0.27,51.2,34,4.25,0.27,136.67,"{'lon': 136.67, 'lat': 51.2}",RU
502,2112802,Hasaki,100,43.59,35.73,75,2.24,45.0,140.83,"{'lon': 140.83, 'lat': 35.73}",JP
503,1328421,Pathein,57,79.03,16.78,85,9.28,79.03,94.73,"{'lon': 94.73, 'lat': 16.78}",MM
504,2231564,Fontem,76,63.16,5.47,84,2.35,63.16,9.88,"{'lon': 9.88, 'lat': 5.47}",CM
505,2513947,Melilla,81,46.08,35.29,50,3.36,48.2,-2.94,"{'lon': -2.94, 'lat': 35.29}",ES
506,648090,Lieksa,74,21.52,63.32,0,10.74,21.52,30.02,"{'lon': 30.02, 'lat': 63.32}",FI
507,6149374,Slave Lake,100,15.8,55.28,1,5.82,15.8,-114.77,"{'lon': -114.77, 'lat': 55.28}",CA
508,1039536,Maxixe,65,76.35,-23.86,68,7.09,76.35,35.35,"{'lon': 35.35, 'lat': -23.86}",MZ
509,3571913,Marsh Harbour,69,70.36,26.54,33,27.09,70.36,-77.06,"{'lon': -77.06, 'lat': 26.54}",BS
510,3870294,Talca,68,68.0,-35.43,0,3.36,68.0,-71.67,"{'lon': -71.67, 'lat': -35.43}",CL
511,3386467,Terra Santa,75,77.43,-2.1,100,1.01,77.43,-56.49,"{'lon': -56.49, 'lat': -2.1}",BR
512,107304,Buraidah,60,37.4,26.33,0,3.36,37.4,43.98,"{'lon': 43.98, 'lat': 26.33}",SA
513,610298,Beyneu,86,37.96,45.32,100,19.86,37.96,55.2,"{'lon': 55.2, 'lat': 45.32}",KZ
514,1648759,Bima,60,86.5,-8.47,8,6.85,86.5,118.72,"{'lon': 118.72, 'lat': -8.47}",ID
515,2143285,Wodonga,88,65.7,-36.12,75,8.05,69.01,146.88,"{'lon': 146.88, 'lat': -36.12}",AU
516,2194098,Ahipara,56,84.99,-35.17,0,1.99,84.99,173.17,"{'lon': 173.17, 'lat': -35.17}",NZ
517,666475,Somcuta Mare,100,30.11,47.52,90,6.93,30.2,23.47,"{'lon': 23.47, 'lat': 47.52}",RO
518,161616,Balkanabat,77,30.7,39.51,0,3.31,30.7,54.37,"{'lon': 54.37, 'lat': 39.51}",TM
519,3458498,Linhares,97,73.17,-19.39,100,0.49,73.17,-40.07,"{'lon': -40.07, 'lat': -19.39}",BR
520,3628267,San Joaquin,89,74.66,10.26,100,2.06,74.66,-67.79,"{'lon': -67.79, 'lat': 10.26}",VE
521,739598,Sinop,60,41.09,41.77,89,6.15,41.09,34.87,"{'lon': 34.87, 'lat': 41.77}",TR
522,933521,Lobatse,82,66.2,-25.22,0,4.7,66.2,25.67,"{'lon': 25.67, 'lat': -25.22}",BW
523,4828890,Chillicothe,52,29.07,39.33,1,5.35,32.0,-82.98,"{'lon': -82.98, 'lat': 39.33}",US
524,3702577,Portobelo,78,77.56,9.55,40,5.82,78.8,-79.65,"{'lon': -79.65, 'lat': 9.55}",PA
525,1254046,Tura,47,63.3,25.52,0,3.22,63.3,90.22,"{'lon': 90.22, 'lat': 25.52}",IN
526,3374083,Bathsheba,69,78.8,13.22,75,16.11,78.8,-59.52,"{'lon': -59.52, 'lat': 13.22}",BB
527,1623424,Tondano,66,89.6,1.3,40,8.05,89.6,124.91,"{'lon': 124.91, 'lat': 1.3}",ID
528,3974771,Praxedis Guerrero,57,53.1,31.37,1,8.05,55.4,-106.02,"{'lon': -106.02, 'lat': 31.37}",MX
529,2993586,Moissac,66,54.68,44.1,90,12.75,57.0,1.09,"{'lon': 1.09, 'lat': 44.1}",FR
530,3465228,Coxim,93,76.3,-18.51,100,5.84,76.3,-54.76,"{'lon': -54.76, 'lat': -18.51}",BR
531,5469841,Grants,81,32.0,35.15,1,11.41,32.0,-107.85,"{'lon': -107.85, 'lat': 35.15}",US
532,6355222,Yulara,19,89.6,-25.24,50,13.87,89.6,130.99,"{'lon': 130.99, 'lat': -25.24}",AU
533,2070998,Geraldton,51,80.6,-28.77,0,21.92,80.6,114.6,"{'lon': 114.6, 'lat': -28.77}",AU
534,3985620,San Luis de la Paz,55,59.5,21.3,70,9.17,60.01,-100.52,"{'lon': -100.52, 'lat': 21.3}",MX
535,1855540,Naze,73,73.53,28.37,75,19.46,75.2,129.48,"{'lon': 129.48, 'lat': 28.37}",JP
536,1513131,Navoiy,74,30.2,40.08,0,16.11,30.2,65.38,"{'lon': 65.38, 'lat': 40.08}",UZ
537,1220798,Panjakent,63,30.2,39.5,0,6.93,30.2,67.61,"{'lon': 67.61, 'lat': 39.5}",TJ
538,1958647,Panubigan,73,82.38,7.43,80,13.33,82.38,123.35,"{'lon': 123.35, 'lat': 7.43}",PH
539,3860443,Comodoro Rivadavia,62,66.09,-45.87,90,11.65,66.09,-67.5,"{'lon': -67.5, 'lat': -45.87}",AR
540,2278158,Buchanan,94,73.4,5.88,40,0.27,73.4,-10.05,"{'lon': -10.05, 'lat': 5.88}",LR
541,3421319,Nuuk,72,15.39,64.18,100,13.87,15.8,-51.72,"{'lon': -51.72, 'lat': 64.18}",GL
542,3929611,San Jeronimo,94,42.53,-11.95,100,3.6,42.53,-75.28,"{'lon': -75.28, 'lat': -11.95}",PE
543,2027296,Aykhal,65,-36.4,66.0,0,3.58,-36.4,111.5,"{'lon': 111.5, 'lat': 66}",RU
544,2021188,Kurumkan,87,-15.47,54.3,0,0.45,-15.47,110.3,"{'lon': 110.3, 'lat': 54.3}",RU
545,6113406,Prince Rupert,70,46.4,54.32,90,9.17,46.4,-130.32,"{'lon': -130.32, 'lat': 54.32}",CA
546,2374583,Bubaque,63,77.31,11.28,99,16.82,77.31,-15.83,"{'lon': -15.83, 'lat': 11.28}",GW
547,3174050,Provincia di Mantova,79,32.76,45.17,0,3.36,37.99,10.78,"{'lon': 10.78, 'lat': 45.17}",IT
548,1853237,Saiki,93,55.4,32.95,75,5.82,55.4,131.9,"{'lon': 131.9, 'lat': 32.95}",JP
549,1262574,Mul,57,71.55,20.07,87,3.67,71.55,79.67,"{'lon': 79.67, 'lat': 20.07}",IN
550,2123979,Kurilsk,70,26.53,45.23,85,21.83,26.53,147.88,"{'lon': 147.88, 'lat': 45.23}",RU
551,6145890,Shelburne,79,24.93,44.08,75,9.17,28.0,-80.2,"{'lon': -80.2, 'lat': 44.08}",CA
552,824366,Krasnoarmeyskoye,95,18.64,52.72,66,5.66,18.64,50.03,"{'lon': 50.03, 'lat': 52.72}",RU
